Adam;Walski;24;adam.walski@poczta.pl
Aneta;Balgar;15;aneta.balgar@poczta.pl
Milena;Kortan;23;@milena
kajetan;Marski;29;kajetan.marski@poczta.pl
Inez;Milska;45;inez.milska@poczta.pl
Wiktor;dolski;74;wiktor.dolski@poczta.pl
Beata;Wikut;43;beata@wikut
Mariusz;Kromski;22;mariusz.kromski@poczta.pl
Wiktoria;Bamirska;32;wiktoria.bamirska@tsg.pl